name,artists,avg_popularity,avg_rank,country_count,release_year,is_explicit,avg_danceability,avg_energy,avg_speechiness,avg_acousticness,avg_instrumentalness,avg_liveness,avg_valence,avg_tempo,avg_loudness
BIRDS OF A FEATHER,Billie Eilish,99.1987,21.9614,44,2024.0,False,0.747,0.507,0.0358,0.2,0.0608,0.117,0.438,104.978,-10.171
DtMF,Bad Bunny,97.376,16.2928,29,2025.0,True,0.625,0.131,0.0717,0.177,0.218,0.0807,0.032,136.02,-27.405
That’s So True,Gracie Abrams,96.6301,22.881,33,2024.0,True,0.554,0.808,0.0368,0.214,0.0,0.159,0.372,108.548,-4.169
BAILE INoLVIDABLE,Bad Bunny,96.2006,10.6193,22,2025.0,True,0.168,0.0033,0.0615,0.192,0.79,0.112,0.219,119.387,-46.113
Not Like Us,Kendrick Lamar,95.7183,30.4615,38,2024.0,True,0.898,0.472,0.0776,0.0107,0.0,0.141,0.214,101.061,-7.001
WILDFLOWER,Billie Eilish,95.5641,29.3015,30,2024.0,False,0.467,0.247,0.0431,0.612,0.0003,0.17,0.126,148.101,-12.002
All The Stars (with SZA),"Kendrick Lamar, SZA",94.6322,31.4825,28,2018.0,True,0.695,0.633,0.0599,0.0612,0.0002,0.0926,0.557,96.782,-4.946
"Good Luck, Babe!",Chappell Roan,94.316,30.3049,16,2024.0,False,0.7,0.582,0.0356,0.0502,0.0,0.0881,0.785,116.712,-5.96
NUEVAYoL,Bad Bunny,93.942,26.7083,23,2025.0,False,0.142,0.195,0.139,0.265,0.995,0.204,0.12,137.922,-20.024
tv off (feat. lefty gunplay),"Kendrick Lamar, Lefty Gunplay",93.8262,31.1159,14,2024.0,True,0.855,0.529,0.263,0.0837,0.0,0.423,0.548,100.036,-6.679
like JENNIE,JENNIE,93.7084,18.5924,27,2025.0,True,0.811,0.743,0.0611,0.281,0.0067,0.0868,0.815,130.019,-5.321
back to friends,sombr,93.5789,22.5167,34,2024.0,False,0.436,0.723,0.0301,0.0001,0.0001,0.0929,0.235,92.855,-2.291
luther (with sza),"Kendrick Lamar, SZA",93.4091,17.8388,24,2024.0,False,0.707,0.575,0.125,0.251,0.0,0.248,0.576,138.008,-7.546
EoO,Bad Bunny,93.3938,17.4925,21,2025.0,True,0.36,0.464,0.0702,0.749,0.859,0.0825,0.184,63.662,-29.598
Timeless (feat Playboi Carti),"The Weeknd, Playboi Carti",93.2762,28.4653,29,2025.0,True,0.768,0.775,0.0466,0.069,0.0,0.138,0.6,119.999,-5.06
Si Antes Te Hubiera Conocido,KAROL G,93.2217,29.9198,25,2024.0,False,0.924,0.668,0.0469,0.446,0.0006,0.0678,0.787,128.027,-6.795
"One Of The Girls (with JENNIE, Lily Rose Depp)","The Weeknd, JENNIE, Lily-Rose Depp",93.1851,28.4849,6,2023.0,False,0.264,0.64,0.0442,0.0393,0.0,0.151,0.19,84.828,-6.221
I Wanna Be Yours,Arctic Monkeys,93.181,37.2524,4,2013.0,False,0.464,0.417,0.0256,0.136,0.022,0.0974,0.479,67.528,-9.345
VOY A LLeVARTE PA PR,Bad Bunny,93.096,21.0167,22,2025.0,True,0.148,0.604,0.0588,0.921,0.453,0.405,0.0,106.295,-35.032
NOKIA,Drake,92.8671,21.222,14,2025.0,True,0.537,0.727,0.15,0.247,0.0,0.173,0.508,106.037,-4.184
VeLDÁ,"Bad Bunny, Omar Courtz, Dei V",92.7442,12.6781,18,2025.0,True,0.613,0.981,0.149,0.29,0.0023,0.437,0.0337,101.852,-18.638
See You Again (feat. Kali Uchis),"Tyler, The Creator, Kali Uchis",92.293,39.7006,5,2017.0,True,0.558,0.559,0.0959,0.371,0.0,0.109,0.62,78.558,-9.222
You'll Be in My Heart,NIKI,92.1311,17.8883,5,2022.0,False,0.486,0.613,0.0394,0.0569,0.0014,0.126,0.633,187.531,-8.748
undressed,sombr,92.0342,21.0171,24,2025.0,False,0.642,0.887,0.0406,0.137,0.0,0.0829,0.888,115.999,-3.883
Creep,Radiohead,92.0,46.2,1,1993.0,True,0.515,0.43,0.0372,0.0097,0.0001,0.129,0.104,91.844,-9.935
No One Noticed,The Marías,91.9852,26.704,8,2024.0,False,0.705,0.339,0.0278,0.552,0.0814,0.12,0.457,97.989,-10.612
Beautiful Things,Benson Boone,91.9782,25.9848,28,2024.0,False,0.472,0.471,0.0603,0.151,0.0,0.14,0.219,105.029,-5.692
Yellow,Coldplay,91.9278,41.9485,5,2000.0,False,0.429,0.661,0.0281,0.0024,0.0001,0.234,0.285,173.372,-7.227
DENIAL IS A RIVER,Doechii,91.8699,32.9658,7,2024.0,True,0.825,0.644,0.33,0.0905,0.0,0.0795,0.622,93.292,-3.24
blue,yung kai,91.7692,22.6275,10,2024.0,False,0.746,0.317,0.0342,0.933,0.0186,0.121,0.585,97.49,-11.982
Show Me Love,"WizTheMc, bees & honey",91.7203,20.2287,27,2025.0,False,0.714,0.691,0.0434,0.0212,0.0003,0.111,0.155,107.15,-7.333
Feel It (From “Invincible”),d4vd,91.5,39.0,4,2024.0,False,0.565,0.593,0.0883,0.0288,0.0,0.215,0.429,120.509,-5.864
Taste,Sabrina Carpenter,91.4691,34.677,14,2024.0,False,0.674,0.907,0.064,0.101,0.0,0.297,0.721,112.964,-4.086
Every Breath You Take,The Police,91.3968,47.5238,7,1983.0,False,0.82,0.452,0.0348,0.543,0.0029,0.0714,0.74,117.401,-9.796
La Plena - W Sound 05,"W Sound, Beéle, Ovy On The Drums",91.3833,5.7301,21,2025.0,True,0.894,0.643,0.132,0.543,0.001,0.101,0.659,99.039,-3.485
Lose Control,Teddy Swims,91.3804,30.8886,22,2023.0,False,0.561,0.604,0.0337,0.199,0.0,0.104,0.242,159.92,-4.409
ME JALO,"Fuerza Regida, Grupo Frontera",91.2242,18.5089,11,2024.0,True,0.47,0.75,0.112,0.216,0.0,0.169,0.62,79.814,-5.887
APT.,"ROSÉ, Bruno Mars",91.1283,21.0701,51,2024.0,False,0.777,0.783,0.26,0.0283,0.0,0.355,0.939,149.027,-4.477
Cruel Summer,Taylor Swift,91.0,50.0,1,2019.0,False,0.552,0.702,0.157,0.117,0.0,0.105,0.564,169.994,-5.707
Starboy,"The Weeknd, Daft Punk",91.0,46.7857,1,2016.0,True,0.679,0.587,0.276,0.141,0.0,0.137,0.486,186.003,-7.015
Morena,"Neton Vega, Peso Pluma",90.9537,13.6253,6,2025.0,False,0.697,0.776,0.0308,0.379,0.0015,0.341,0.189,118.007,-7.409
The Days - NOTION Remix,"Chrystal, NOTION",90.9388,24.6712,16,2024.0,False,0.62,0.843,0.0844,0.0062,0.0,0.55,0.237,137.812,-5.321
Busy Woman,Sabrina Carpenter,90.9021,31.366,9,2025.0,True,0.727,0.755,0.036,0.17,0.0,0.101,0.903,117.015,-5.152
Sailor Song,Gigi Perez,90.8895,26.4528,28,2025.0,False,0.496,0.4044,0.0257,0.6596,0.0001,0.1926,0.2726,94.9942,-10.4357
Like Him (feat. Lola Young),"Tyler, The Creator, Lola Young",90.8537,44.561,2,2024.0,True,0.392,0.555,0.039,0.287,0.0003,0.13,0.191,96.063,-6.707
party 4 u,Charli xcx,90.8333,28.3458,9,2020.0,False,0.579,0.522,0.0993,0.761,0.0,0.655,0.245,79.453,-8.393
Iris,The Goo Goo Dolls,90.782,31.8741,8,1998.0,False,0.315,0.715,0.0362,0.0013,0.0,0.0942,0.497,155.9243,-8.072
Qué Pasaría...,"Rauw Alejandro, Bad Bunny",90.7214,29.7622,18,2024.0,True,0.833,0.563,0.204,0.528,0.0,0.139,0.343,105.008,-5.593
Feel It - From “Invincible”,d4vd,90.4583,40.9583,5,2024.0,False,0.565,0.593,0.0883,0.0288,0.0,0.215,0.429,120.509,-5.864
squabble up,Kendrick Lamar,90.4524,34.9048,2,2024.0,True,0.874,0.672,0.198,0.0206,0.0,0.0783,0.711,103.921,-5.568
CHIHIRO,Billie Eilish,90.407,33.1047,4,2024.0,False,0.7,0.425,0.0529,0.144,0.879,0.083,0.521,110.015,-12.531
7 Dias,"Gabito Ballesteros, Tito Double P",90.25,17.585,5,2025.0,True,0.838,0.746,0.0614,0.386,0.0,0.0839,0.577,111.913,-3.749
7 DIAS,"Gabito Ballesteros, Tito Double P",90.2404,26.0481,5,2025.0,True,0.838,0.746,0.0614,0.386,0.0,0.0839,0.577,111.913,-3.749
Shake It To The Max (FLY) - Remix,"MOLIY, Silent Addy, Skillibeng, Shenseea",90.2023,30.8204,24,2025.0,True,0.856,0.548,0.123,0.561,0.0,0.155,0.562,97.997,-6.609
"I Love You, I'm Sorry",Gracie Abrams,90.1902,36.9877,6,2024.0,True,0.53,0.406,0.033,0.656,0.0,0.133,0.338,115.94,-7.507
Revolving door,Tate McRae,90.1357,33.6647,17,2025.0,True,0.452,0.737,0.27,0.354,0.0,0.105,0.179,147.822,-6.22
Espresso,Sabrina Carpenter,90.1222,31.5445,26,2024.0,True,0.699,0.776,0.0293,0.131,0.0,0.205,0.708,103.963,-5.282
Sorry I'm Here For Someone Else,Benson Boone,90.0847,38.4098,10,2025.0,False,0.533,0.758,0.034,0.0437,0.0,0.16,0.515,149.719,-4.613
KLOuFRENS,Bad Bunny,90.0289,22.6976,17,2025.0,True,0.326,0.125,0.148,0.703,0.706,0.18,0.306,106.974,-32.45
TATTOO,Tito Double P,89.9703,12.8879,6,2025.0,True,0.755,0.747,0.0656,0.482,0.0,0.0853,0.463,109.897,-4.278
The Scientist,Coldplay,89.9286,23.2143,1,2002.0,False,0.557,0.442,0.0243,0.731,0.0,0.11,0.213,146.277,-7.224
Stargazing,Myles Smith,89.8966,37.0862,9,2024.0,False,0.635,0.601,0.0295,0.2461,0.0,0.11,0.3322,123.994,-6.129
Something Just Like This,"The Chainsmokers, Coldplay",89.88,29.36,1,2017.0,False,0.617,0.635,0.0317,0.0498,0.0,0.164,0.446,103.019,-6.769
A Sky Full of Stars,Coldplay,89.8571,27.5714,1,2014.0,False,0.545,0.675,0.0279,0.0062,0.002,0.209,0.162,124.97,-6.474
In the End,Linkin Park,89.8,43.55,2,2000.0,False,0.556,0.863,0.0582,0.0095,0.0,0.203,0.4032,105.1456,-5.9049
WELTiTA,"Bad Bunny, Chuwi",89.6225,34.5667,16,2025.0,False,0.458,0.297,0.6,0.866,0.329,0.346,0.357,96.14,-32.354
Who,Jimin,89.6173,12.1096,28,2024.0,False,0.66,0.756,0.032,0.0029,0.0,0.193,0.838,116.034,-3.743
Night Changes,One Direction,89.4762,41.5595,3,2014.0,False,0.672,0.52,0.0353,0.859,0.0,0.115,0.37,120.001,-7.747
Apocalypse,Cigarettes After Sex,89.4048,28.7619,3,2017.0,False,0.369,0.467,0.0274,0.0194,0.46,0.109,0.174,94.473,-9.018
Believer,Imagine Dragons,89.4,27.8,3,2017.0,False,0.776,0.78,0.128,0.0622,0.0,0.081,0.666,124.949,-4.374
Snooze,SZA,89.3857,46.2143,5,2022.0,True,0.559,0.551,0.132,0.141,0.0,0.11,0.392,143.008,-7.231
Dreams - 2004 Remaster,Fleetwood Mac,89.3746,30.3225,7,1977.0,False,0.828,0.492,0.0276,0.0644,0.0043,0.128,0.789,120.1511,-9.744
Mystical Magical,Benson Boone,89.3731,32.408,8,2025.0,False,0.671,0.697,0.116,0.19,0.0,0.393,0.848,119.867,-3.851
VITAMINA,"Jombriel, DFZM, Jøtta",89.3685,18.4068,17,2025.0,False,0.815,0.746,0.0528,0.015,0.0,0.056,0.768,92.007,-4.855
Headlock,Imogen Heap,89.3444,34.0816,10,2005.0,False,0.808,0.372,0.0364,0.792,0.0,0.119,0.787,119.982,-10.759
No. 1 Party Anthem,Arctic Monkeys,89.3333,46.6667,1,2013.0,False,0.505,0.698,0.0297,0.33,0.0887,0.0966,0.599,115.013,-5.563
Counting Stars,OneRepublic,89.2857,48.8571,4,2013.0,False,0.663,0.706,0.0383,0.0654,0.0,0.118,0.474,122.013,-4.972
Mi Refe,"Beéle, Ovy On The Drums",89.25,9.1937,17,2024.0,False,0.588,0.634,0.273,0.417,0.0011,0.0993,0.463,151.467,-5.112
Messy,Lola Young,89.2335,21.8955,27,2024.0,True,0.798,0.562,0.0375,0.11,0.0061,0.122,0.647,110.991,-5.913
ROSONES,Tito Double P,89.198,23.5163,5,2024.0,True,0.802,0.726,0.0318,0.704,0.0,0.117,0.604,120.129,-5.939
Mr. Brightside,The Killers,89.1958,42.8783,6,2004.0,False,0.352,0.911,0.0747,0.0012,0.0,0.0995,0.236,148.033,-5.23
M&M,Neton Vega,89.152,19.872,5,2025.0,False,0.596,0.839,0.038,0.334,0.0071,0.0952,0.537,178.837,-6.022
Azizam,Ed Sheeran,89.1307,25.5684,22,2025.0,False,0.663,0.899,0.0473,0.0026,0.0,0.065,0.876,127.998,-5.103
LUNA,"Feid, ATL Jacob",89.1067,26.1331,16,2023.0,False,0.774,0.86,0.13,0.131,0.0,0.116,0.446,100.019,-2.888
No Pole,Don Toliver,89.0786,42.05,6,2023.0,True,0.328,0.631,0.0465,0.0714,0.0,0.567,0.382,85.262,-5.169
Nope your too late i already died,"wifiskeleton, i wanna be a jack-o-lantern",89.0682,31.55,10,2024.0,False,0.704,0.597,0.036,0.105,0.0084,0.264,0.978,119.993,-10.458
capaz (merengueton),"Alleh, Yorghaki",89.0027,16.3639,18,2024.0,False,0.872,0.614,0.181,0.0815,0.0002,0.135,0.785,126.957,-5.618
30 For 30 (with Kendrick Lamar),"SZA, Kendrick Lamar",89.0,42.0909,2,2024.0,True,0.714,0.415,0.0634,0.758,0.0001,0.133,0.506,140.059,-10.338
BMF,SZA,89.0,42.0256,4,2024.0,True,0.792,0.55,0.0307,0.506,0.0166,0.087,0.972,128.023,-8.528
Bad Romance,Lady Gaga,89.0,28.5909,2,2009.0,True,0.695,0.921,0.0363,0.0031,0.0001,0.0842,0.714,119.007,-3.752
Bring Me To Life,Evanescence,89.0,38.375,1,2003.0,False,0.331,0.943,0.0698,0.0072,0.0,0.242,0.296,94.612,-3.188
Cry For Me,The Weeknd,89.0,47.8889,4,2025.0,True,0.647,0.645,0.0303,0.0871,0.0,0.671,0.422,120.098,-6.425
The Door,Teddy Swims,88.9735,42.3363,4,2023.0,False,0.731,0.861,0.0532,0.0193,0.0,0.123,0.759,127.922,-5.483
EVIL J0RDAN,Playboi Carti,88.8945,18.5673,44,2025.0,True,0.689,0.36,0.0564,0.0066,0.0001,0.119,0.0599,154.009,-7.029
Unwritten,Natasha Bedingfield,88.8634,36.2599,7,2004.0,False,0.706,0.8,0.0399,0.0058,0.0,0.0822,0.629,100.011,-6.333
Triple Lavada,Esau Ortiz,88.758,28.7829,7,2025.0,True,0.909,0.583,0.0847,0.417,0.0,0.137,0.557,100.012,-5.735
NIGHTS LIKE THIS,The Kid LAROI,88.7333,43.2,3,2023.0,False,0.482,0.757,0.0355,0.0137,0.0016,0.143,0.12,142.579,-4.586
NADIE,Tito Double P,88.6805,25.2078,5,2024.0,True,0.702,0.843,0.114,0.465,0.0,0.12,0.526,92.604,-4.71
Swim,Chase Atlantic,88.5467,38.3333,3,2017.0,True,0.666,0.542,0.0392,0.27,0.0,0.0765,0.0771,120.134,-6.429
DOS DÍAS,"Tito Double P, Peso Pluma",88.5422,26.1349,5,2024.0,True,0.745,0.513,0.087,0.783,0.0,0.216,0.929,109.935,-9.116
we can't be friends (wait for your love),Ariana Grande,88.5283,32.6981,4,2024.0,False,0.645,0.646,0.0427,0.0615,0.0,0.074,0.295,115.842,-8.334
Die With A Smile,"Lady Gaga, Bruno Mars",88.515,22.5955,66,2025.0,False,0.519,0.601,0.0317,0.289,0.0,0.126,0.498,157.964,-7.727
What Was That,Lorde,88.466,30.7282,14,2025.0,False,0.44,0.615,0.347,0.321,0.0,0.102,0.161,168.152,-6.768
Khé?,"Rauw Alejandro, Romeo Santos",88.4628,29.5526,16,2024.0,False,0.687,0.627,0.181,0.326,0.0,0.0893,0.47,155.865,-4.975
Imagínate,"Danny Ocean, Kapo",88.3816,23.4925,17,2024.0,False,0.779,0.737,0.109,0.134,0.0,0.0974,0.445,101.923,-4.667
Numb,Linkin Park,88.3333,49.0,2,2003.0,False,0.488,0.87,0.0421,0.0035,0.0,0.484,0.211,110.072,-4.185
Sparks,Coldplay,88.125,36.5,2,2000.0,False,0.371,0.268,0.0281,0.748,0.0517,0.104,0.165,102.617,-10.506
Ordinary,Alex Warren,88.1034,10.3929,36,2024.0,False,0.3792,0.6923,0.0585,0.709,0.0,0.0552,0.3897,160.0738,-6.1537
LA CANCIÓN,"J Balvin, Bad Bunny",88.0725,32.9651,17,2019.0,False,0.756,0.646,0.319,0.152,0.0,0.108,0.429,176.088,-5.795
Beanie,Chezile,88.0,45.125,1,2023.0,False,0.531,0.556,0.0252,0.407,0.0092,0.318,0.156,138.978,-6.245
"Sticky (feat. GloRilla, Sexyy Red & Lil Wayne)","Tyler, The Creator, GloRilla, Sexyy Red, Lil Wayne",88.0,40.0952,1,2024.0,True,0.505,0.812,0.461,0.285,0.0,0.444,0.664,80.09,-3.986
when the party's over,Billie Eilish,88.0,43.0,1,2019.0,False,0.367,0.111,0.0972,0.978,0.0,0.0897,0.198,82.642,-14.084
Bed Chem,Sabrina Carpenter,87.9167,41.125,4,2024.0,False,0.739,0.727,0.0426,0.0678,0.0,0.104,0.676,94.99,-5.968
Dark Thoughts,Lil Tecca,87.8781,26.7396,25,2025.0,True,0.801,0.773,0.155,0.055,0.0,0.189,0.709,101.935,-3.756
Bad Dreams,Teddy Swims,87.7955,30.6482,21,2025.0,False,0.707,0.68,0.0884,0.274,0.0,0.0932,0.62,125.058,-6.203
Thunder,Imagine Dragons,87.7692,25.5385,3,2017.0,False,0.604,0.822,0.0438,0.0067,0.134,0.147,0.288,167.997,-4.833
ANXIETY (feat. Doechii),"Sleepy Hallow, Doechii",87.7293,31.2857,21,2023.0,True,0.931,0.401,0.158,0.399,0.0,0.266,0.613,128.871,-8.756
I Adore You (feat. Daecolm),"HUGEL, Topic, Arash, Daecolm",87.7145,29.5506,12,2024.0,False,0.704,0.787,0.0462,0.0093,0.0054,0.159,0.31,119.996,-6.751
DIE TRYING,"PARTYNEXTDOOR, Drake, Yebba",87.7121,36.1515,5,2025.0,True,0.763,0.531,0.0328,0.146,0.0,0.175,0.665,110.497,-6.154
Give Me Everything (feat. Nayer),"Pitbull, AFROJACK, Ne-Yo, Nayer",87.6667,41.7619,4,2011.0,False,0.671,0.939,0.161,0.191,0.0,0.298,0.53,129.024,-3.206
Presidente,"Gabito Ballesteros, Natanael Cano, Luis R Conriquez, Neton Vega",87.6569,31.1533,4,2024.0,True,0.732,0.827,0.0585,0.123,0.0,0.117,0.584,105.145,-4.152
Fix You,Coldplay,87.6364,26.9091,1,2005.0,False,0.209,0.417,0.0338,0.164,0.002,0.113,0.124,138.178,-8.74
Pink Pony Club,Chappell Roan,87.6277,15.2891,7,2023.0,False,0.61,0.65,0.0474,0.399,0.0,0.11,0.507,106.719,-6.199
FE!N (feat. Playboi Carti),"Travis Scott, Playboi Carti",87.6154,46.1154,1,2023.0,True,0.569,0.882,0.06,0.0316,0.0,0.142,0.201,148.038,-2.777
PUSH 2 START,Tyla,87.6154,44.7308,1,2024.0,False,0.683,0.814,0.0466,0.277,0.0083,0.0858,0.758,93.482,-3.505
Pika Pika,"Chuyin, Fuerza Regida, Jorsshh, Calle 24",87.6114,28.76,6,2024.0,True,0.716,0.808,0.0332,0.207,0.0,0.14,0.788,127.023,-6.383
En Privado,"Xavi, Manuel Turizo",87.592,17.4341,9,2025.0,False,0.833,0.863,0.0377,0.111,0.0,0.135,0.91,126.973,-3.822
Don't Stop Believin' (2022 Remaster),Journey,87.5818,45.9273,4,1981.0,False,0.505,0.754,0.0366,0.132,0.0,0.204,0.51,119.204,-7.435
Stick Season,Noah Kahan,87.5391,31.1043,4,2022.0,False,0.664,0.5,0.0651,0.799,0.0,0.0966,0.801,117.896,-6.935
I Remember Everything (feat. Kacey Musgraves),"Zach Bryan, Kacey Musgraves",87.5171,34.1246,5,2023.0,False,0.429,0.453,0.0459,0.554,0.0,0.102,0.155,77.639,-7.746
Africa,TOTO,87.5,46.25,1,1982.0,False,0.671,0.373,0.0323,0.257,0.0001,0.0481,0.732,92.718,-18.064
Slow It Down,Benson Boone,87.5,46.7917,2,2024.0,False,0.432,0.583,0.0687,0.174,0.0,0.0933,0.544,181.489,-4.682
toxic till the end,ROSÉ,87.4011,26.8914,7,2024.0,False,0.413,0.604,0.0999,0.0498,0.0,0.114,0.296,167.2323,-5.628
Let Down,Radiohead,87.3636,37.0909,3,1997.0,False,0.351,0.676,0.0313,0.0001,0.113,0.18,0.143,102.46,-9.017
Feel It - From The Original Series “Invincible”,d4vd,87.2353,36.8235,2,2024.0,False,0.565,0.593,0.0883,0.0288,0.0,0.215,0.429,120.509,-5.864
Don’t Say You Love Me,Jin,87.2321,11.8992,39,2025.0,False,0.729,0.562,0.0304,0.484,0.0,0.105,0.757,111.976,-5.49
Gnarly,KATSEYE,87.2188,34.5547,11,2025.0,True,0.775,0.828,0.373,0.153,0.0,0.13,0.663,135.021,-5.191
Move,"Adam Port, Stryv, Keinemusik, Orso, Malachiii",87.2093,33.9912,12,2024.0,False,0.727,0.782,0.042,0.0563,0.336,0.225,0.655,119.992,-8.529
COQUETA,"Fuerza Regida, Grupo Frontera",87.2009,18.4636,12,2024.0,False,0.74,0.819,0.0866,0.244,0.0,0.107,0.884,78.975,-4.853
Blue Strips,Jessie Murph,87.1386,21.1988,4,2025.0,False,0.646,0.653,0.0392,0.294,0.0,0.0968,0.235,133.936,-4.132
Pink Skies,Zach Bryan,87.1354,35.2489,3,2024.0,False,0.525,0.488,0.038,0.191,0.0001,0.135,0.253,84.999,-6.909
RATHER LIE (with The Weeknd),"Playboi Carti, The Weeknd",87.09,23.0939,41,2025.0,True,0.72,0.665,0.0325,0.0583,0.0,0.213,0.279,132.991,-4.431
Love Me Not,Ravyn Lenae,87.0275,24.8432,26,2024.0,False,0.779,0.731,0.0306,0.296,0.0,0.128,0.814,114.001,-6.176
PRESIDENTE,"Gabito Ballesteros, Natanael Cano, Luis R Conriquez, Neton Vega",87.0159,34.8095,2,2024.0,True,0.732,0.827,0.0585,0.123,0.0,0.117,0.584,105.145,-4.152
All The Way,"BigXthaPlug, Bailey Zimmerman",87.0,23.625,2,2025.0,True,0.831,0.555,0.0576,0.314,0.0,0.135,0.444,135.015,-6.331
Always Remember Us This Way,Lady Gaga,87.0,30.4286,1,2018.0,False,0.549,0.502,0.0405,0.299,0.0,0.764,0.291,129.842,-5.972
Clocks,Coldplay,87.0,32.1429,1,2002.0,False,0.577,0.749,0.0279,0.599,0.0115,0.183,0.255,130.97,-7.215
How to Save a Life,The Fray,87.0,50.0,1,2005.0,False,0.64,0.743,0.0379,0.269,0.0,0.101,0.361,122.035,-4.08
Shallow,"Lady Gaga, Bradley Cooper",87.0,29.3,1,2018.0,False,0.577,0.385,0.03,0.371,0.0,0.231,0.331,95.82,-6.362
Stressed Out,Twenty One Pilots,87.0,47.0,2,2015.0,False,0.734,0.637,0.141,0.0462,0.0,0.0602,0.648,169.977,-5.677
The Chain - 2004 Remaster,Fleetwood Mac,87.0,34.2,1,1977.0,False,0.545,0.67,0.0496,0.009,0.0008,0.0451,0.481,151.553,-8.81
The Color Violet,Tory Lanez,87.0,11.0,1,2021.0,False,0.645,0.534,0.0479,0.157,0.0,0.0863,0.463,105.02,-10.8
peekaboo (feat. azchike),"Kendrick Lamar, Az Chike",87.0,48.0,1,2024.0,True,0.889,0.298,0.182,0.0031,0.0,0.173,0.314,100.042,-9.086
Please Please Please,Sabrina Carpenter,86.9583,43.875,8,2024.0,True,0.675,0.586,0.0531,0.257,0.0,0.104,0.621,107.015,-6.086
Austin (Boots Stop Workin'),Dasha,86.9144,40.8877,5,2024.0,True,0.756,0.672,0.0522,0.464,0.0,0.108,0.739,114.935,-6.743
Indigo (feat. Avery Anna),"Sam Barber, Avery Anna",86.9098,32.6598,5,2024.0,False,0.495,0.327,0.0281,0.462,0.0,0.1,0.101,82.937,-9.921
I Smoked Away My Brain (I'm God x Demons Mashup) (feat. Imogen Heap & Clams Casino),"A$AP Rocky, Imogen Heap, Clams Casino",86.865,26.135,4,2023.0,True,0.47,0.652,0.0561,0.0831,0.0,0.175,0.104,141.981,-9.629
Marlboro Rojo,Fuerza Regida,86.8528,12.0863,6,2025.0,True,0.773,0.645,0.0349,0.342,0.0,0.32,0.923,114.996,-6.376
Juno,Sabrina Carpenter,86.8148,43.7037,4,2024.0,True,0.633,0.725,0.0427,0.0461,0.0,0.205,0.64,130.504,-4.257
PERFuMITO NUEVO,"Bad Bunny, RaiNao",86.7956,41.9416,6,2025.0,True,0.513,0.0302,0.0701,0.996,0.977,0.15,0.557,120.026,-33.8
K.,Cigarettes After Sex,86.7273,47.1818,1,2017.0,False,0.454,0.404,0.027,0.146,0.819,0.141,0.313,94.113,-10.26
São Paulo (feat. Anitta),"The Weeknd, Anitta",86.7241,39.8046,7,2025.0,True,0.538,0.658,0.076,0.0385,0.0001,0.573,0.553,127.322,-7.273
Abracadabra,Lady Gaga,86.7012,28.7467,34,2025.0,False,0.679,0.906,0.0632,0.0119,0.0,0.229,0.652,126.01,-3.443
Tu Boda,"Oscar Maydon, Fuerza Regida",86.6742,24.4091,7,2025.0,True,0.694,0.651,0.0784,0.496,0.0,0.0787,0.4711,112.648,-6.968
Q U E V A S H A C E R H O Y ?,"Omar Courtz, De La Rose",86.5225,33.82,14,2024.0,True,0.56,0.681,0.244,0.103,0.0,0.106,0.388,155.079,-6.304
EL LOKERON,Tito Double P,86.5163,35.3769,5,2024.0,True,0.724,0.689,0.0524,0.573,0.0,0.0922,0.936,120.208,-7.174
Chiquita,"Neton Vega, Tito Double P",86.5064,27.7597,5,2025.0,False,0.745,0.862,0.058,0.519,0.0,0.12,0.815,138.065,-6.345
Like That,"Future, Metro Boomin, Kendrick Lamar",86.5,46.5,1,2024.0,True,0.814,0.676,0.231,0.0071,0.0,0.119,0.312,162.012,-4.67
greedy,Tate McRae,86.5,44.9545,4,2023.0,True,0.7486,0.7257,0.0322,0.2629,0.0,0.127,0.8217,111.0052,-3.2402
I Had Some Help (Feat. Morgan Wallen),"Post Malone, Morgan Wallen",86.4788,25.7303,5,2024.0,True,0.644,0.874,0.0265,0.0113,0.0,0.227,0.753,128.017,-4.723
Ojitos Lindos,"Bad Bunny, Bomba Estéreo",86.4762,45.3333,3,2022.0,False,0.647,0.686,0.0413,0.08,0.0,0.528,0.268,79.928,-5.745
The Spins,"Mac Miller, Empire Of The Sun",86.4722,44.6111,1,2010.0,True,0.794,0.766,0.0377,0.0135,0.0,0.0785,0.55,127.006,-3.894
The Cut That Always Bleeds,Conan Gray,86.3929,45.4286,1,2020.0,False,0.489,0.413,0.0314,0.59,0.0,0.0639,0.246,136.116,-6.499
Handlebars (feat. Dua Lipa),"JENNIE, Dua Lipa",86.371,25.0551,11,2025.0,True,0.51,0.855,0.0426,0.0038,0.0,0.0524,0.669,152.018,-4.208
Can't Hold Us (feat. Ray Dalton),"Macklemore, Ryan Lewis, Macklemore & Ryan Lewis, Ray Dalton",86.3602,35.0404,9,2012.0,False,0.633,0.927,0.0839,0.0267,0.0,0.0986,0.88,146.097,-4.468
Sex on Fire,Kings of Leon,86.2667,47.8667,1,2008.0,False,0.542,0.905,0.054,0.0017,0.0104,0.136,0.374,153.398,-5.653
Sweet Dreams (feat. Miguel),"j-hope, Miguel",86.2177,29.8401,19,2025.0,False,0.564,0.577,0.0774,0.153,0.0,0.0726,0.797,94.3,-6.468
Just the Way You Are,Bruno Mars,86.2121,44.9697,2,2010.0,False,0.635,0.841,0.0422,0.0134,0.0,0.0622,0.424,109.021,-5.379
Amapola,"Natanael Cano, Nueva H",86.1719,28.9062,2,2024.0,False,0.758,0.596,0.0264,0.0641,0.0,0.245,0.753,133.0,-7.836
What I Want (feat. Tate McRae),"Morgan Wallen, Tate McRae",86.1465,17.3057,7,2025.0,False,0.657,0.699,0.0262,0.639,0.0,0.148,0.495,115.998,-3.92
Adventure of a Lifetime,Coldplay,86.1429,28.4286,1,2015.0,False,0.638,0.924,0.036,0.002,0.0002,0.149,0.53,111.995,-3.887
Te Quería Ver,"Alemán, Neton Vega",86.062,17.9038,13,2025.0,False,0.8038,0.7617,0.066,0.1873,0.0,0.092,0.448,100.0241,-5.1784
Cigarettes out the Window,TV Girl,86.0,50.0,1,2016.0,False,0.625,0.659,0.0337,0.12,0.0,0.17,0.594,113.551,-5.669
Funk de Beleza - Slowed,"Nateki, Scythermane, MC MAYAH",86.0,41.0,1,2024.0,True,0.743,0.838,0.0755,0.168,0.0683,0.101,0.848,105.927,0.195
Haegeum,Agust D,86.0,6.0,1,2023.0,False,0.697,0.837,0.304,0.313,0.0,0.471,0.831,85.097,-2.651
Houdini,Dua Lipa,86.0,41.0,1,2024.0,False,0.744,0.789,0.059,0.0036,0.0014,0.0947,0.866,116.985,-4.876
Hymn for the Weekend,Coldplay,86.0,30.8,1,2015.0,False,0.491,0.693,0.0377,0.211,0.0,0.325,0.412,90.027,-6.487
M a k e I t T o T h e M o r n i n g,PARTYNEXTDOOR,86.0,43.8333,1,2024.0,True,0.677,0.622,0.0287,0.0831,0.0075,0.154,0.0903,122.738,-5.901
Nobody Gets Me,SZA,86.0,39.1429,1,2022.0,True,0.358,0.284,0.0285,0.805,0.0,0.183,0.276,99.796,-8.285
5-7,"Tito Double P, Junior H",85.9643,34.1786,3,2024.0,False,0.827,0.596,0.039,0.379,0.0,0.138,0.964,111.997,-8.36
Something in the Orange,Zach Bryan,85.9528,42.717,4,2022.0,False,0.369,0.192,0.04,0.555,0.0,0.0954,0.148,175.212,-12.151
EL CLúB,Bad Bunny,85.9516,43.3548,6,2025.0,True,0.516,0.611,0.0555,0.458,0.0001,0.113,0.261,110.744,-5.486
Cowgirls (feat. ERNEST),"Morgan Wallen, ERNEST",85.9167,47.4167,2,2023.0,False,0.621,0.779,0.0361,0.216,0.0,0.165,0.399,172.037,-3.777
PERRO NEGRO,"Bad Bunny, Feid",85.9091,42.3939,3,2023.0,True,0.911,0.778,0.262,0.0887,0.0,0.179,0.345,96.057,-2.248
Guess featuring billie eilish,"Charli xcx, Billie Eilish",85.9062,43.125,7,2024.0,False,0.78,0.713,0.0888,0.0167,0.206,0.144,0.615,130.034,-4.493
Tennessee Whiskey,Chris Stapleton,85.8902,40.6707,2,2015.0,False,0.392,0.37,0.0298,0.205,0.0096,0.0821,0.512,48.718,-10.888
505,Arctic Monkeys,85.8841,38.3913,1,2007.0,False,0.5223,0.8575,0.0553,0.0026,0.0001,0.0816,0.2395,140.2666,-5.8488
Sure Thing,Miguel,85.8571,48.0,1,2010.0,False,0.684,0.607,0.1,0.0267,0.0003,0.191,0.498,81.001,-8.127
Moscow Mule,Bad Bunny,85.8026,43.8289,9,2022.0,True,0.804,0.674,0.0333,0.294,0.0,0.115,0.292,99.968,-5.453
LUNA BALA - Slowed,"Yb Wasg'ood, Ariis",85.7895,31.193,5,2025.0,False,0.72,0.93,0.0342,0.0157,0.878,0.368,0.283,110.071,-1.518
